,Operation,Arguments,Output
0,divide,"(223.0, 89883.0)",0.002481003081784097
1,add,"(222.0, 33.0)",255.0
2,subtract,"(2371.0, 37891.0)",-35520.0
3,multiply,"(24342.0, 2337.8373)",56907635.556600004
4,divide,"(22.0, 7.0)",3.142857142857143
5,add,"(12.0, 32.0)",44.0
